{"x": [0.3591490124916041, 0.40792032985532595, 0.8706578517012328, 0.8128803212779926, 0.3590391972268552, 0.27114467961067773, 0.4725132754561964, 0.33526756814113967, 0.4798441463747882, 0.0, 0.26067212246861965, 0.40423650977333453, 0.10260881006202646, 0.6814853965107371, 0.545376275872088, 0.9064073988076928, 0.44282964406678915, 0.48816189440597574, 0.7601334333158186, 0.5032983673962338, 0.13104684705142036, 0.3897916272491424, 0.22059339443049444, 1.0, 0.7163297080511584, 0.24005870305622085, 0.9541763589005124, 0.46576260359234284, 0.969536734817156, 0.32022084922172983, 0.7126266665295955, 0.10623341667262119, 0.8758550664558481, 0.34960772957166336, 0.24529273007803917, 0.5956127147914801, 0.608890760704892, 0.5001036524118422, 0.7540483248462707, 0.44150479300954343, 0.7846904966565361, 0.6298141717592389, 0.4625040061027627, 0.862874643230864, 0.3894851168177393, 0.38319113282482953, 0.48110855194118585, 0.6289531238265947, 0.5713095284822346, 0.6790506308224823, 0.43678722120399077, 0.6909475024809854, 0.047950013192860276, 0.25414112483812534, 0.3305164549851708, 0.5362851780441674, 0.6930497354748412, 0.281374094102806, 0.6457566554189085, 0.3215296384413469, 0.4487782390184689, 0.5365601459581977, 0.5557566430544538, 0.3097932111190806, 0.622925003369949, 0.5270184478575137, 0.9254976806899208, 0.4329309550410955, 0.3495697405638142, 0.9672070482809317, 0.7713117876196387, 0.42190762656605263, 0.968202106790945, 0.8022816037225905, 0.6632592216725919, 0.2600260114736386, 0.8444793986036846, 0.6802885679214915, 0.49590670925949404, 0.691898644572, 0.0007327233593643767, 0.3016966439084784, 0.8218779074778408, 0.11567811060995198, 0.7892530676453834, 0.4301947024046863, 0.6549417376392191, 0.3628832154716219, 0.12510269877185942, 0.038284365395216784, 0.8715225210788458, 0.14396295561084166, 0.5972377848133351, 0.3541674956319478, 0.6965176445413613, 0.9263882773780044, 0.9545594488202055, 0.3158760969836741, 0.40565494620491155, 0.4014182555482767, 0.8217011557640547, 0.5516761026520621, 0.4431258313317006, 0.8540401067644848, 0.9161546103342018, 0.649189561147715, 0.6033701275280935, 0.22903779790600395, 0.4610978267716653, 0.5647061012411893, 0.3978092498006095, 0.8116111615114765, 0.2166677443382308, 0.59091237640022, 0.7169763648921644, 0.5289692511876537, 0.10111911178694732, 0.8289914650275605, 0.21782062201056127, 0.6226307461546674, 0.2852838617833327], "y": [0.6708664561784474, 0.4334548724453132, 0.7068630964317404, 0.9175368027171742, 0.7025419074512077, 0.8347737278202183, 0.2607775177550304, 0.6005547914302505, 0.7327286355472342, 0.36062414590280584, 0.36885928280417113, 0.4590266451751803, 0.1569538285912126, 0.5518269119512332, 0.41376979788874996, 0.5753754456282124, 0.6344117806924104, 0.3938146455452719, 0.4417151863811937, 0.22314114519319794, 0.5134028305972523, 0.0821970868756514, 0.5961129465409015, 0.5677110624609716, 0.5286460023502767, 0.38421338450977716, 0.5719045675044693, 0.7934742939633438, 0.5833582308096156, 0.27858869014675464, 0.8478075377445979, 0.6893281834899484, 0.060764878384551864, 0.5137841058141414, 0.8390070033415761, 0.9674848243005636, 0.3530413439441877, 0.3288045032150081, 0.5669063463893537, 0.26836738085302986, 0.8495912025572823, 0.6752018945031861, 0.18329049086987392, 0.851605098008956, 0.4667155964601842, 0.049623962484656586, 0.5915950024908678, 0.588832675963988, 0.07452554392467493, 0.7557316486846303, 0.48257132159288774, 0.6666043070316563, 0.6576535802536554, 0.0056276389379122565, 0.19732179846354422, 0.3993338417779387, 0.3632826104095941, 0.0863530367773832, 0.5741446257993398, 0.6740377155810198, 0.16270434661606525, 0.5166491144054409, 0.21766433352254583, 0.2588974212856287, 0.7176946202343378, 0.4155232740216045, 0.09383544395935331, 0.6113405200273413, 0.30917507267174793, 0.3410999586547652, 0.9125957155255414, 0.7765352287007203, 0.6144953584847344, 0.4343799078726882, 0.2943342449181055, 0.0, 0.8756654654940486, 0.726818407681825, 0.25040528139813656, 0.09632751150563963, 0.36867992663647037, 0.32864409938837613, 0.9082680684828076, 0.7020478861366545, 0.4370377632640754, 0.6842138340776889, 0.7089896080851533, 0.49702898215415137, 0.4851887835060802, 0.6530847873652185, 0.07167764584165835, 0.45847508001347886, 0.7442884559833275, 0.6427665078174913, 0.5478174392977289, 0.35593918789404394, 0.34482927121366985, 0.30601999064923446, 0.038104695705561076, 0.6573886672615993, 0.13300961465014466, 1.0, 0.7731014059761245, 0.9259539666857901, 0.5071379603386901, 0.2992564272101447, 0.9911824335535119, 0.2852975645415338, 0.6402280910151814, 0.09554464937188155, 0.25961549670549255, 0.3219898568336083, 0.6424652747543441, 0.95577552369812, 0.7260619227398926, 0.2713930791104493, 0.4885981913078827, 0.05147308336487095, 0.6294525538908151, 0.32872274730534173, 0.239266971874833], "names": ["Liquorice", "Rapt Studio", "Vgraphiks", "White", "exposure", "Stink", "Swear Words", "gyro", "Christopher Doyle & Co.", "U-P", "Wieden + Kennedy", "Kontrapunkt", "Commune", "Do Not Design", "KIGI", "Nude Design Studio", "Motherbird", "TEXT", "Daily Dialogue", "Siegel+Gale", "Villa B\u00f6hnke", "Practise Studio Practise", "Shual", "Bizzarri & Rodriguez", "Forde + Nicol", "5unday", "A Black Cover Design", "Vrints-Kolsteren", "milkxhake", "Round", "HOUTH", "Sosolimited", "Roots", "Ordinary People", "Born", "ACRE", "Moloobhoy & Brown", "Wolff Olins", "Hunt & Co.", "IDEO", "All Right Graphics", "Public Office", "Cartoon Mango", "Lippincot", "Brand Union", "SP\u2013GD", "Interbrand", "Pupilpeople", "Garbett", "Grosz Co. Lab", "Re:Sydney", "Hey Joe", "Richards Partners", "Cornershop", "AKQA", "Index", "The Secret Little Agency", "fallon", "Factory 1611", "M35", "Resn", "MOOI", "pre-post", "Designit", "Sciencewerk", "workroom", "iA", "Design Vand", "Alter", "MUTI", "FARM", "Sleep", "Trilingua", "Non\u2013verbal", "Made Together", "Sorbet", "MyORB", "LIBA", "Vertigo", "FullFill", "Heavy Time", "Foreign Policy", "Artless", "PARTY", "Studio South", "Fikra", "Z\u00e9 Studio", "Somewhere Else", "Sulki & Min", "Oak", "The Folks Studio", "minimalist", "Deuce Design", "Goodfolk", "H55", "Type.Page", "HOICK", "Hellocomputer", "SUFFIX", "Studio Ensemble", "StudioKALEIDO", "hehehe", "CLRS&Co.", "Winkreative", "HAWRAF", "The Company You Keep", "JOYN:VISCOM", "Blue Collar", "Studio C", "Mildred & Duck", "&Larry", "BlendIt", "Landor", "The Simple Society", "Offshore Studio", "gardens & co", "qu'est-ce que c'est", "Studio fnt", "Chandelier", "Shorthand Studio", "tin&ed"]}