{"x": [0.5197153992656162, 0.3438575236301192, 0.2304658140504285, 0.22978001350113925, 0.4196434974946927, 0.46573380065463477, 0.26899176925908896, 0.3040674913715811, 1.0, 0.26228415531380117, 0.4515286574127047, 0.4942947159964724, 0.19217293476599318, 0.43329444087321706, 0.495000346772507, 0.1830822163619636, 0.2973436668199318, 0.33378811781259127, 0.30830447784818926, 0.6713972509864706, 0.504813192928078, 0.2538412871911074, 0.5191412554234897, 0.36862887208135653, 0.5260571731906368, 0.441683595805088, 0.4823658053411881, 0.34456385538517725, 0.29474878253771514, 0.2838559747646059, 0.2769017218489612, 0.26642852325717703, 0.4670424131280472, 0.45559444022831275, 0.37976956368174963, 0.4797366372243336, 0.12739225986369684, 0.8251763979805138, 0.20941397697075384, 0.5458815631289612, 0.2714192576800385, 0.2365448975649721, 0.35815564108307235, 0.3099478548527395, 0.16916581755373777, 0.5785277057290066, 0.4939405314649839, 0.0, 0.30480444645029464, 0.49545230213848773, 0.4007284126374722, 0.2966188049843485, 0.2654824941100001, 0.4215205921329621, 0.3842948789296724, 0.41183592051969514, 0.37635249395428794, 0.31123593560937296, 0.3866820581750383, 0.12797620749532052, 0.23725402747956997, 0.3021947907749779, 0.5254063103712288, 0.2159384311848939, 0.2409825775424379, 0.4117887570838478, 0.5143541716631489, 0.06110949847673333, 0.36581690746424317, 0.3600215574486727, 0.5127475831272652, 0.4056756924077529, 0.5511173698901345, 0.5100162906536406, 0.3159210623936956, 0.4349756327701054, 0.28188690571448827, 0.396670177876227, 0.27477240329613994, 0.36413096751846485, 0.43830328939360513, 0.5719294231286662, 0.46055613873722906, 0.4852674338849231, 0.3439830084102338, 0.43254628990697197, 0.26904094460008476, 0.2081962581056026, 0.7358230255108184, 0.3507699872692372, 0.4318255504771227, 0.2643259909775424, 0.4811096378986323, 0.5492755063236172, 0.3872612192313121, 0.18797708664134685, 0.5245895094781841, 0.3682856622681248, 0.23351370281472233, 0.3623867408979535, 0.5534152976066313, 0.44587491728179246, 0.05741485637925434, 0.37258834624012427, 0.4906999115302693, 0.2468901401432668, 0.22024704730255015, 0.2816215639476871, 0.24825786763274818, 0.3933421233447258, 0.3203662143673004, 0.7402244552470256, 0.39799012121152544, 0.4152680381985576, 0.09786238097741647, 0.5047025726596431, 0.19983515048820133, 0.47969508035720465, 0.3848575167915293, 0.4710583997800862, 0.3319018647944362], "y": [0.5068720453370081, 0.5783796565528443, 0.32978571046833427, 0.45443692359213705, 0.6600705689189403, 0.6258292165172615, 0.5562819799795542, 0.4976793920705567, 0.298675298289039, 0.5219039064239761, 0.5215884154417634, 0.592119270989887, 0.9492611104168635, 0.47981380858516454, 0.718110785427042, 0.07888193532422837, 0.6268136024990308, 0.5206077027937486, 0.5358629427405046, 0.0, 0.9078172501415331, 0.4961830949820135, 0.3673874795030883, 0.48499806890875075, 0.6769962018470972, 0.6251973511291745, 0.4576875548966712, 0.6721448026818203, 0.6833123309198861, 0.4755526305399355, 0.39609347797724553, 0.6202024081065615, 0.5498862693100234, 0.6038643276936091, 0.5635401389923207, 0.644688326013011, 0.5245510129024674, 0.45185728592461194, 0.6319350572820971, 0.5921491959807029, 0.5722444993524046, 0.5448060618183863, 0.5837846921079483, 0.5779246513915673, 0.6334685015533905, 0.4662105732725774, 0.563765939907998, 0.906707769606119, 0.447595100926541, 0.48805337029430823, 0.6758475637647261, 0.5066050204426874, 0.7828609102983605, 0.5955931772193989, 0.4602044521935742, 0.5865214777357781, 0.6239964789642157, 0.45794662126723507, 0.6468659169256535, 0.6221599532790557, 0.6020904791568515, 0.5549978683088245, 0.612449138243884, 0.4955759166067203, 0.4648630469427002, 0.5634963770763188, 0.8741438091007782, 0.6181302577819888, 0.6073510717358823, 0.4635524812637928, 0.4521573964510177, 0.44158509818132496, 0.5238235759126951, 0.5685254487332033, 0.6511446037251696, 0.541073331960564, 0.6009684727884645, 0.48260427407834244, 0.5298134961034252, 0.4431379868395415, 0.6998088954253459, 0.6264504927469846, 0.4413388210333741, 0.4953667673039146, 0.6395394239330313, 0.6396224526377308, 0.6590837886404524, 0.6225205693621363, 0.9280245579283005, 0.5373927438861359, 0.5014045312007221, 0.5818578656705561, 0.6242895633886271, 0.547726478357129, 0.5133141241225072, 0.5699275776328968, 0.6354363440308257, 0.6911444538290261, 0.5613619723685696, 0.4967682184918648, 0.5693608583988184, 0.5692928847084623, 0.7090321845105138, 0.554984657702, 0.6041709198797478, 0.6413191956344831, 0.5846161584499586, 0.5538559053223269, 0.5544138357483, 0.6025511144297071, 0.5958132111806113, 0.19404616158104787, 0.5403355436161005, 0.6166814460271951, 1.0, 0.5353145323822177, 0.5296683004913564, 0.48671752463115053, 0.6621146463235021, 0.46046123256940313, 0.6182070480411567], "names": ["Offshore Studio", "milkxhake", "Lippincot", "The Company You Keep", "Alter", "CLRS&Co.", "Do Not Design", "Hellocomputer", "HOICK", "MyORB", "HOUTH", "Shual", "ACRE", "Commune", "Designit", "MOOI", "gyro", "exposure", "Resn", "Vertigo", "hehehe", "Fikra", "M35", "Z\u00e9 Studio", "Made Together", "Christopher Doyle & Co.", "U-P", "tin&ed", "BlendIt", "FullFill", "Trilingua", "AKQA", "StudioKALEIDO", "Mildred & Duck", "Motherbird", "Garbett", "Type.Page", "KIGI", "Daily Dialogue", "Studio C", "Factory 1611", "Villa B\u00f6hnke", "Bizzarri & Rodriguez", "Siegel+Gale", "Goodfolk", "Oak", "Born", "MUTI", "Re:Sydney", "Index", "White", "Foreign Policy", "A Black Cover Design", "Roots", "SP\u2013GD", "Studio fnt", "Interbrand", "Kontrapunkt", "Blue Collar", "Hunt & Co.", "Cartoon Mango", "Forde + Nicol", "Sosolimited", "Wieden + Kennedy", "Shorthand Studio", "The Secret Little Agency", "Ordinary People", "Richards Partners", "iA", "Practise Studio Practise", "Sciencewerk", "LIBA", "Sorbet", "Stink", "Vrints-Kolsteren", "&Larry", "gardens & co", "Somewhere Else", "Artless", "Public Office", "Landor", "Winkreative", "Non\u2013verbal", "workroom", "Vgraphiks", "The Folks Studio", "pre-post", "Studio South", "Studio Ensemble", "minimalist", "Deuce Design", "Pupilpeople", "Sleep", "All Right Graphics", "Rapt Studio", "PARTY", "HAWRAF", "IDEO", "qu'est-ce que c'est", "Hey Joe", "fallon", "FARM", "Liquorice", "Design Vand", "Chandelier", "JOYN:VISCOM", "Cornershop", "H55", "Sulki & Min", "Grosz Co. Lab", "Brand Union", "The Simple Society", "Moloobhoy & Brown", "5unday", "Swear Words", "Wolff Olins", "SUFFIX", "TEXT", "Round", "Heavy Time", "Nude Design Studio"]}