{"x": [0.5156922791409406, 0.5480427068604693, 0.4285504087889753, 0.45349543373581397, 0.344546053599906, 0.4936063733383223, 0.5047838846256492, 0.5414516929119668, 0.4510137353406259, 0.5381722937523564, 0.4372085217841745, 0.5212022087154472, 0.5076846579796005, 0.48918236935162174, 0.4263684334618059, 0.5043070217067596, 0.5618468849624673, 0.4866744624876881, 0.4417544054466457, 0.5551124411493068, 0.4491209452558172, 0.5299089689344381, 0.49399998787877597, 0.4919913504919315, 1.0, 0.4732443819530292, 0.5042438636679263, 0.5083929720889906, 0.4785149427209685, 0.5508399881940911, 0.5258958289570317, 0.47055528961134935, 0.42670065368634824, 0.5386200352846588, 0.47131933664481435, 0.4782699986395519, 0.46517703955404266, 0.4670284393294273, 0.45231676152622335, 0.5693842640189101, 0.453114654786477, 0.4780333432101306, 0.4353643540760119, 0.5192707496888394, 0.5210539952006047, 0.5238788642076114, 0.4354914997247428, 0.46001597738869976, 0.4841355958156508, 0.4554086252823716, 0.5194688183737745, 0.4977346242533656, 0.5083348517898776, 0.5228512977267603, 0.425570101025052, 0.5032249490571038, 0.5486987168170175, 0.2509206719838123, 0.5205245215608366, 0.0, 0.2522172554396157, 0.5359913673327353, 0.46762189722154307, 0.5051500212628057, 0.5564535608124138, 0.49220124647622876, 0.5099483508190493, 0.4214995973409094, 0.5403382165980126, 0.5848629055869811, 0.4190165617997312, 0.512810003352045, 0.45154874949871815, 0.5242169902343045, 0.4887201675177515, 0.45061590962493997, 0.4826026433710412, 0.45749274367841036, 0.534821220398822, 0.5669292687464188, 0.4942760670081023, 0.5390894751735231, 0.4965436449237486, 0.626241447045265, 0.4989434010390381, 0.44900917841531396, 0.45317238716414737, 0.4200073040923523, 0.46164204795124925, 0.46926246600041643, 0.5366384980848423, 0.5109711031065345, 0.5573432678917124, 0.5531164954230089, 0.4636058526131529, 0.4418899878721204, 0.5249756409781976, 0.4414808359940859, 0.4480771339002498, 0.5099163380376435, 0.47744883057968257, 0.43720849290779673, 0.5289571206662176, 0.4048005605429302, 0.5083548585310442, 0.4726887185276943, 0.5062714366578702, 0.45354071026538784, 0.5156587305473608, 0.5354137306895668, 0.4885276208947476, 0.4817891566562688, 0.5135583313990263, 0.4846945581648706, 0.5041970986938199, 0.47216442620970545, 0.7214096102098041, 0.5083333479553924, 0.5035300580464876, 0.42252795209307437, 0.5428576065990811], "y": [0.5868013492854505, 0.4764596290691845, 0.4939353595932734, 0.5757293518268651, 0.25070058338894413, 0.5303794264506649, 0.6978044586551346, 0.5085309660166837, 0.594840214947169, 0.45602746173411624, 0.47410939683474257, 0.49007765801784176, 0.4545750696787083, 0.5603461769774378, 0.5340573195673106, 0.619276518651596, 0.5209537993041277, 0.484874204185986, 0.5500063086244192, 0.5151758178009431, 0.49009676972497446, 0.5135050195881786, 0.5554404606771701, 0.5133109574265485, 0.37181241680110855, 0.5852342345253682, 0.46108121988473577, 0.3934941690482392, 0.5246209542253621, 0.4889234372871592, 0.41929520517637503, 0.5375608909264987, 0.4293456023715831, 0.5249267198419078, 0.495592751621775, 0.5478491903196399, 0.5219244750842826, 0.4546761926636561, 0.4449705926312052, 0.6350984204629417, 0.5136746140237332, 0.6091577758008573, 0.516905781802992, 0.5576775484774248, 0.5237635338355916, 0.44326775402690305, 0.5876744048021436, 0.45406272328803393, 0.5487924361297476, 0.5423524345295209, 0.4563532763953176, 0.48066624508387495, 0.5289391125700963, 0.6048584666509298, 0.4374669022271381, 0.4218962429048597, 0.5384406065517517, 0.4646879674765967, 0.5411767203536288, 0.6206704155408859, 1.0, 0.47564870238433254, 0.5031670329105244, 0.39850193130174627, 0.5050722111436129, 0.5699803989882046, 0.4785101139195336, 0.5690036513419828, 0.579849606896497, 0.5136532898274383, 0.595349746844767, 0.4517851114030701, 0.47390295341532945, 0.5153995734962056, 0.4572555055794608, 0.4176201523560313, 0.5007240826102656, 0.5995284525689191, 0.492604794636888, 0.5713728413771406, 0.5044954863775524, 0.5181451862179242, 0.5895511271527712, 0.0, 0.43191395673804106, 0.45943496488898955, 0.5674730399933724, 0.4640989485260461, 0.4773189002163881, 0.5562688308217815, 0.43645939960643476, 0.5004466617236527, 0.5505436694983572, 0.453424374134712, 0.42844300955542514, 0.531445013212649, 0.47309694941472646, 0.5012852667172305, 0.6174822610618982, 0.5517743390873919, 0.565789395211281, 0.5570664271418814, 0.5676780931654916, 0.3994912957978715, 0.6110938383744144, 0.4778008083931318, 0.5147101522956063, 0.5230704088546937, 0.5673518050072452, 0.546206474885495, 0.4639570222176492, 0.4649721118189107, 0.6598905831014138, 0.4269147758238835, 0.5458625749136223, 0.4391628961324272, 0.6338446650841856, 0.5707439988599451, 0.6052206350706468, 0.5102097819489059, 0.5685766025297805], "names": ["Lippincot", "The Secret Little Agency", "Mildred & Duck", "Ordinary People", "PARTY", "Blue Collar", "Public Office", "Studio fnt", "hehehe", "Cornershop", "Richards Partners", "Sosolimited", "Round", "CLRS&Co.", "gyro", "Villa B\u00f6hnke", "Practise Studio Practise", "&Larry", "Wieden + Kennedy", "SP\u2013GD", "FullFill", "Vertigo", "Sleep", "Grosz Co. Lab", "H55", "All Right Graphics", "Hellocomputer", "Non\u2013verbal", "Vgraphiks", "Made Together", "Oak", "HAWRAF", "KIGI", "The Folks Studio", "Cartoon Mango", "Motherbird", "Goodfolk", "Bizzarri & Rodriguez", "Trilingua", "Design Vand", "Deuce Design", "iA", "HOUTH", "Chandelier", "IDEO", "Artless", "minimalist", "milkxhake", "Studio Ensemble", "Garbett", "tin&ed", "workroom", "MOOI", "FARM", "Index", "Moloobhoy & Brown", "Re:Sydney", "MUTI", "Winkreative", "Do Not Design", "The Simple Society", "Pupilpeople", "Resn", "Studio South", "SUFFIX", "Vrints-Kolsteren", "Fikra", "Hey Joe", "Shorthand Studio", "Heavy Time", "Sorbet", "Designit", "U-P", "Swear Words", "Brand Union", "exposure", "gardens & co", "JOYN:VISCOM", "Forde + Nicol", "BlendIt", "LIBA", "Roots", "MyORB", "ACRE", "Studio C", "Commune", "Somewhere Else", "Liquorice", "A Black Cover Design", "Christopher Doyle & Co.", "Foreign Policy", "Siegel+Gale", "TEXT", "AKQA", "White", "fallon", "Wolff Olins", "pre-post", "Shual", "Stink", "Interbrand", "5unday", "M35", "Daily Dialogue", "Sulki & Min", "StudioKALEIDO", "Type.Page", "Sciencewerk", "Alter", "Factory 1611", "Kontrapunkt", "Rapt Studio", "Z\u00e9 Studio", "Offshore Studio", "Born", "Hunt & Co.", "HOICK", "Landor", "qu'est-ce que c'est", "Nude Design Studio", "The Company You Keep"]}