{"x": [0.9219655863482424, 0.266130070147361, 0.26036111793075317, 0.5296939997385477, 0.8709693526170846, 0.21091720650006449, 0.701738560633312, 0.6871549710837072, 0.710096892688136, 0.18945528702817133, 0.47192536479789676, 0.19225118328175433, 0.408161418183508, 0.7673687258889408, 0.44709493374932746, 0.5194898510368915, 0.36736562839547604, 0.9570583023986422, 0.9044502556860482, 0.25171207949541446, 0.4241737238446989, 0.1394770537183063, 0.6584897555241254, 0.8352145997863405, 0.40903295316472726, 0.6526019083679296, 0.25369793479552655, 0.26795240362215095, 0.9727794224491508, 0.6120539031727134, 0.7192316193829278, 0.5872935850811393, 0.5322304886940765, 0.5421399711514416, 0.8369591645085416, 0.5118925830215563, 0.6517918792552676, 0.21570668963988904, 0.6187089171308259, 0.5572700136434201, 0.9608902638379683, 0.327025026524245, 0.28538872763815726, 0.9685426209663115, 0.470012295221339, 0.6691751608853006, 0.4411071180646663, 0.3384076588316777, 0.56910222274483, 0.22195634780193738, 0.5184577373169039, 0.6825166839924077, 0.30019506221793235, 0.35066858496529657, 0.8780583103103539, 0.7768015969875547, 0.738474091317638, 0.33781983140059474, 0.7048025829772954, 0.2626470327780107, 0.22390482336072925, 0.1808694991537522, 0.73419906891071, 0.405068406644008, 0.19350056940342894, 0.3217518130204135, 0.6535259093072069, 0.71122211252841, 1.0, 0.5229635323893564, 0.5655129729813537, 0.4853918881054537, 0.25141141726212274, 0.30630207298962336, 0.4711657607048573, 0.8162003714946492, 0.458487927000796, 0.9335968437306561, 0.3234902676079827, 0.0, 0.6670691866705085, 0.7711090952084755, 0.14179566124972287, 0.7623805748661632, 0.8552487570228445, 0.5643320051953151, 0.522187772782529, 0.30218891685363025, 0.4093486192855132, 0.6571511895630526, 0.5286424286750957, 0.36984114840979687, 0.5821809723808727, 0.726322910525896, 0.7614745156615138, 0.6549811131361826, 0.26063155289889167, 0.5489676220218983, 0.774526988592501, 0.41026890877476535, 0.28726076707095555, 0.8547059482398699, 0.701849374198075, 0.726078812864074, 0.056240333354744834, 0.5389298829141017, 0.417193770582728, 0.21970051576775462, 0.3839394485787241, 0.759185725438938, 0.7921407243762623, 0.5055300564505261, 0.0535693931713049, 0.6656974022544255, 0.9489167418651165, 0.6045581045716796, 0.28247269403493247, 0.3457312545803618, 0.6869585163916986, 0.34056257401054896, 0.6144758541861622], "y": [0.616470576100037, 0.6350854987666174, 0.0, 0.040277832070376114, 0.3392635522064467, 0.25406296641092074, 0.04275863077399681, 0.19550330394042353, 0.80910624392315, 0.22239125560004497, 0.7463809309036503, 0.42066146216469896, 0.5033869717380287, 0.7902782523937733, 0.24385023135998332, 0.432496561468978, 0.46896700742759434, 0.8728699567735684, 0.3539530064514301, 0.5405182666741831, 0.0077697672899931895, 0.5674205007319773, 0.14857779982729924, 0.33642705149174224, 0.4270879550571874, 0.4279483936722312, 0.5566503852435256, 0.779526589285384, 0.4046441016261131, 0.13524864745889909, 0.6931619916473882, 0.6811973197652438, 0.48056074650190134, 0.27421597930385855, 0.27546490259920414, 0.48304918232959576, 0.2230662837620909, 0.7773095023755631, 0.6883827936124679, 0.6725062141135325, 0.8884050447992325, 0.007231183728244583, 0.398184326402184, 0.6068886316570961, 0.7107113140892088, 0.9867325656963651, 0.695402581360698, 0.5032520593495969, 0.7938970160625908, 0.40495021559432387, 0.0038314098246164958, 0.8223788829882939, 0.8045430435530452, 0.4716883378209804, 0.3167210301713785, 0.7202417307748475, 0.7544150311369795, 0.4320651757697782, 0.4659554097753725, 0.07510554573836499, 0.07051422685614794, 0.4245329669976394, 0.06560125527878147, 0.004458745872960061, 0.772221327247777, 0.3993621487899654, 0.7143050178953386, 0.6542492306372913, 0.41747433311799353, 0.4959098279582941, 0.5886405674029804, 0.8472478412719332, 0.12432650102177302, 0.03740714762461803, 0.8758791444967005, 0.12831197123487692, 0.23217743080622286, 0.8061498463775999, 0.11610042063247718, 0.6222233769951546, 0.4647782552872737, 0.8369401058176824, 0.5724962755970185, 0.23092766113124186, 0.3984335560593051, 0.7630956825395109, 0.652022089975988, 0.7359000966220021, 0.6185938374834011, 0.9817828220319978, 0.5854682951146418, 0.757115105565757, 0.5844202871893946, 0.7185406114087853, 0.0819371507940309, 0.4797510210759756, 0.6259594726656577, 0.04644633300390469, 0.6304330645252579, 0.28748150943846534, 0.051254627685902256, 0.4338938871609566, 1.0, 0.8738349372555497, 0.3437227418557501, 0.7031060521083508, 0.10471775585443487, 0.27142364760509713, 0.3035161873860594, 0.03355844206960546, 0.501081793277343, 0.10666671124422585, 0.3401938214623978, 0.16368010195592164, 0.842332532596468, 0.3843333003777046, 0.7752978226445159, 0.3724586741574219, 0.3732004676046631, 0.2850908424188055, 0.5724423765482982], "names": ["Vgraphiks", "Oak", "Public Office", "CLRS&Co.", "Artless", "Chandelier", "minimalist", "Forde + Nicol", "Wieden + Kennedy", "Shual", "SUFFIX", "Studio South", "MOOI", "Foreign Policy", "The Company You Keep", "Index", "Studio C", "ACRE", "Winkreative", "PARTY", "Factory 1611", "Sorbet", "Do Not Design", "FARM", "Interbrand", "Bizzarri & Rodriguez", "Sosolimited", "Brand Union", "Stink", "The Secret Little Agency", "Designit", "Swear Words", "workroom", "Fikra", "Commune", "TEXT", "Hunt & Co.", "Somewhere Else", "IDEO", "Vertigo", "The Simple Society", "Deuce Design", "M35", "FullFill", "SP\u2013GD", "HOICK", "Practise Studio Practise", "Design Vand", "Garbett", "Daily Dialogue", "Vrints-Kolsteren", "5unday", "Rapt Studio", "Motherbird", "White", "Alter", "Hellocomputer", "Studio Ensemble", "Trilingua", "LIBA", "Offshore Studio", "Non\u2013verbal", "Sulki & Min", "Pupilpeople", "Ordinary People", "Liquorice", "&Larry", "tin&ed", "Born", "KIGI", "Roots", "Cartoon Mango", "Grosz Co. Lab", "Sciencewerk", "Resn", "All Right Graphics", "Made Together", "hehehe", "Hey Joe", "BlendIt", "milkxhake", "gyro", "Cornershop", "HOUTH", "MyORB", "Mildred & Duck", "pre-post", "Re:Sydney", "fallon", "MUTI", "Studio fnt", "gardens & co", "The Folks Studio", "Round", "qu'est-ce que c'est", "A Black Cover Design", "Richards Partners", "Sleep", "Blue Collar", "Shorthand Studio", "Z\u00e9 Studio", "Lippincot", "Type.Page", "Goodfolk", "U-P", "Siegel+Gale", "Wolff Olins", "Landor", "Moloobhoy & Brown", "Villa B\u00f6hnke", "StudioKALEIDO", "Christopher Doyle & Co.", "Heavy Time", "H55", "JOYN:VISCOM", "Nude Design Studio", "Kontrapunkt", "exposure", "HAWRAF", "AKQA", "iA"]}